501;COLLY MARGERY;F;V;CMARGERY0;123456
502;IGNATIUS CRANNELL;M;V;ICRANNELL1;123456
503;ARMSTRONG BARTOL;M;V;ABARTOL2;123456
504;RIPLEY SHIEBER;M;V;RSHIEBER3;123456
505;ALEJANDRA GRINSTED;F;V;AGRINSTED4;123456
506;XIMENEZ MARRINER;M;V;XMARRINER5;123456
507;MAITILDE MUGRIDGE;F;C;MMUGRIDGE6;123456
508;CLAUDIE PAOLUCCI;F;C;CPAOLUCCI7;123456
509;ASHLA O'DOUGHERTY;F;V;AODOUGHERTY8;123456
510;WELCH LORRAIN;M;V;WLORRAIN9;123456
511;ALLISTIR BOOCOCK;M;C;ABOOCOCKA;123456
512;ELVINA CORZON;F;V;ECORZONB;123456
513;LATIA DENEVE;F;V;LDENEVEC;123456
514;MAHALA MEDENDORP;F;C;MMEDENDORPD;123456
515;MARCELO SAUSMAN;M;V;MSAUSMANE;123456
516;JACINTHA MAYLIN;F;V;JMAYLINF;123456
517;TREMAINE REVETT;M;V;TREVETTG;123456
518;RAKEL MCGARRAHAN;F;A;RMCGARRAHANH;123456
519;ROB ASPLE;M;V;RASPLEI;123456
520;BEVERLEY SHILBURNE;F;V;BSHILBURNEJ;123456
521;JACQUENETTA BOURLEY;F;V;JBOURLEYK;123456
522;MARTICA COURTENEY;F;C;MCOURTENEYL;123456
523;DIONE DOSDALE;F;V;DDOSDALEM;123456
524;PAULINE FUXMAN;F;V;PFUXMANN;123456
525;MAC CUARDALL;M;C;MCUARDALLO;123456
526;JILLI LYENYNG;F;V;JLYENYNGP;123456
527;GODFREY SCURRELL;M;V;GSCURRELLQ;123456
528;BIRCH YATMAN;M;V;BYATMANR;123456
529;LEONHARD LITSTER;M;C;LLITSTERS;123456
530;ORELLE CAMM;F;C;OCAMMT;123456
531;CLARE CALCUTT;M;V;CCALCUTTU;123456
532;SHAYLYN GOMERY;F;V;SGOMERYV;123456
533;DANIELA PINNOCK;F;C;DPINNOCKW;123456
534;CELESTINE SLIMON;F;V;CSLIMONX;123456
535;WEYLIN HENKMANN;M;V;WHENKMANNY;123456
536;CON BOARLEYSON;F;V;CBOARLEYSONZ;123456
537;KATRINA BALLCHIN;F;V;KBALLCHIN10;123456
538;AVIGDOR TROCTOR;M;V;ATROCTOR11;123456
539;ORALLE DURIE;F;V;ODURIE12;123456
540;HERBY ATTLE;M;V;HATTLE13;123456
541;LU AMBLER;F;V;LAMBLER14;123456
542;FIELD CHAPLAIN;M;V;FCHAPLAIN15;123456
543;JEREMY LAVENDER;M;V;JLAVENDER16;123456
544;CLIM DURRANS;M;V;CDURRANS17;123456
545;DAPHENE MORDANTI;F;V;DMORDANTI18;123456
546;DAGMAR DAVIDOFSKI;F;C;DDAVIDOFSKI19;123456
547;ANDRAS HIGGONET;M;V;AHIGGONET1A;123456
548;ERICHA WOLLRAUCH;F;V;EWOLLRAUCH1B;123456
549;GIANNI GARSTANG;M;V;GGARSTANG1C;123456
550;MECHELLE LEINDECKER;F;A;MLEINDECKER1D;123456